"filename", "language", "SCSS", "HTML", "CSS", "JSON", "Batch", "PostgreSQL", "Markdown", "TypeScript", "JavaScript", "Stylus", "Vue", "XML", "Log", "Shell Script", "comment", "blank", "total"
"c:\repos\hug-moms\README.md", "Markdown", 0, 0, 0, 0, 0, 0, 36, 0, 0, 0, 0, 0, 0, 0, 0, 19, 55
"c:\repos\hug-moms\angular.json", "JSON", 0, 0, 0, 110, 0, 0, 0, 0, 0, 0, 0, 0, 0, 0, 35, 0, 145
"c:\repos\hug-moms\create-db.bat", "Batch", 0, 0, 0, 0, 11, 0, 0, 0, 0, 0, 0, 0, 0, 0, 0, 7, 18
"c:\repos\hug-moms\debug.log", "Log", 0, 0, 0, 0, 0, 0, 0, 0, 0, 0, 0, 0, 54, 0, 0, 1, 55
"c:\repos\hug-moms\deploy-docs.sh", "Shell Script", 0, 0, 0, 0, 0, 0, 0, 0, 0, 0, 0, 0, 0, 6, 0, 0, 6
"c:\repos\hug-moms\docs\.vuepress\api-sidebar-relative.json", "JSON", 0, 0, 0, 82, 0, 0, 0, 0, 0, 0, 0, 0, 0, 0, 0, 0, 82
"c:\repos\hug-moms\docs\.vuepress\api-sidebar.json", "JSON", 0, 0, 0, 82, 0, 0, 0, 0, 0, 0, 0, 0, 0, 0, 0, 0, 82
"c:\repos\hug-moms\docs\.vuepress\components\Foo\Bar.vue", "Vue", 0, 0, 0, 0, 0, 0, 0, 0, 0, 0, 14, 0, 0, 0, 0, 2, 16
"c:\repos\hug-moms\docs\.vuepress\components\OtherComponent.vue", "Vue", 0, 0, 0, 0, 0, 0, 0, 0, 0, 0, 3, 0, 0, 0, 0, 1, 4
"c:\repos\hug-moms\docs\.vuepress\components\demo-component.vue", "Vue", 0, 0, 0, 0, 0, 0, 0, 0, 0, 0, 14, 0, 0, 0, 0, 2, 16
"c:\repos\hug-moms\docs\.vuepress\config.js", "JavaScript", 0, 0, 0, 0, 0, 0, 0, 0, 55, 0, 0, 0, 0, 0, 29, 6, 90
"c:\repos\hug-moms\docs\.vuepress\dist\404.html", "HTML", 0, 21, 0, 0, 0, 0, 0, 0, 0, 0, 0, 0, 0, 0, 0, 2, 23
"c:\repos\hug-moms\docs\.vuepress\dist\apis.html", "HTML", 0, 23, 0, 0, 0, 0, 0, 0, 0, 0, 0, 0, 0, 0, 0, 2, 25
"c:\repos\hug-moms\docs\.vuepress\dist\assets\css\0.styles.a79efd69.css", "CSS", 0, 0, 1, 0, 0, 0, 0, 0, 0, 0, 0, 0, 0, 0, 0, 0, 1
"c:\repos\hug-moms\docs\.vuepress\dist\assets\img\search.83621669.svg", "XML", 0, 0, 0, 0, 0, 0, 0, 0, 0, 0, 0, 1, 0, 0, 0, 1, 2
"c:\repos\hug-moms\docs\.vuepress\dist\assets\js\10.39454030.js", "JavaScript", 0, 0, 0, 0, 0, 0, 0, 0, 1, 0, 0, 0, 0, 0, 0, 0, 1
"c:\repos\hug-moms\docs\.vuepress\dist\assets\js\11.2c660ae8.js", "JavaScript", 0, 0, 0, 0, 0, 0, 0, 0, 1, 0, 0, 0, 0, 0, 0, 0, 1
"c:\repos\hug-moms\docs\.vuepress\dist\assets\js\12.a009a3d7.js", "JavaScript", 0, 0, 0, 0, 0, 0, 0, 0, 1, 0, 0, 0, 0, 0, 0, 0, 1
"c:\repos\hug-moms\docs\.vuepress\dist\assets\js\13.6e71dd79.js", "JavaScript", 0, 0, 0, 0, 0, 0, 0, 0, 1, 0, 0, 0, 0, 0, 0, 0, 1
"c:\repos\hug-moms\docs\.vuepress\dist\assets\js\14.8b98396d.js", "JavaScript", 0, 0, 0, 0, 0, 0, 0, 0, 1, 0, 0, 0, 0, 0, 0, 0, 1
"c:\repos\hug-moms\docs\.vuepress\dist\assets\js\15.cffd93af.js", "JavaScript", 0, 0, 0, 0, 0, 0, 0, 0, 1, 0, 0, 0, 0, 0, 0, 0, 1
"c:\repos\hug-moms\docs\.vuepress\dist\assets\js\16.f1414f47.js", "JavaScript", 0, 0, 0, 0, 0, 0, 0, 0, 1, 0, 0, 0, 0, 0, 0, 0, 1
"c:\repos\hug-moms\docs\.vuepress\dist\assets\js\17.ba34c10f.js", "JavaScript", 0, 0, 0, 0, 0, 0, 0, 0, 1, 0, 0, 0, 0, 0, 0, 0, 1
"c:\repos\hug-moms\docs\.vuepress\dist\assets\js\18.6d44a9ed.js", "JavaScript", 0, 0, 0, 0, 0, 0, 0, 0, 1, 0, 0, 0, 0, 0, 0, 0, 1
"c:\repos\hug-moms\docs\.vuepress\dist\assets\js\19.278a0245.js", "JavaScript", 0, 0, 0, 0, 0, 0, 0, 0, 1, 0, 0, 0, 0, 0, 0, 0, 1
"c:\repos\hug-moms\docs\.vuepress\dist\assets\js\2.93efd541.js", "JavaScript", 0, 0, 0, 0, 0, 0, 0, 0, 1, 0, 0, 0, 0, 0, 0, 0, 1
"c:\repos\hug-moms\docs\.vuepress\dist\assets\js\20.7cf290c9.js", "JavaScript", 0, 0, 0, 0, 0, 0, 0, 0, 1, 0, 0, 0, 0, 0, 0, 0, 1
"c:\repos\hug-moms\docs\.vuepress\dist\assets\js\21.31a9206a.js", "JavaScript", 0, 0, 0, 0, 0, 0, 0, 0, 1, 0, 0, 0, 0, 0, 0, 0, 1
"c:\repos\hug-moms\docs\.vuepress\dist\assets\js\22.a4c1c022.js", "JavaScript", 0, 0, 0, 0, 0, 0, 0, 0, 1, 0, 0, 0, 0, 0, 0, 0, 1
"c:\repos\hug-moms\docs\.vuepress\dist\assets\js\23.c1119b34.js", "JavaScript", 0, 0, 0, 0, 0, 0, 0, 0, 1, 0, 0, 0, 0, 0, 0, 0, 1
"c:\repos\hug-moms\docs\.vuepress\dist\assets\js\24.e7319812.js", "JavaScript", 0, 0, 0, 0, 0, 0, 0, 0, 1, 0, 0, 0, 0, 0, 0, 0, 1
"c:\repos\hug-moms\docs\.vuepress\dist\assets\js\25.4bdf01d7.js", "JavaScript", 0, 0, 0, 0, 0, 0, 0, 0, 1, 0, 0, 0, 0, 0, 0, 0, 1
"c:\repos\hug-moms\docs\.vuepress\dist\assets\js\26.5997051e.js", "JavaScript", 0, 0, 0, 0, 0, 0, 0, 0, 1, 0, 0, 0, 0, 0, 0, 0, 1
"c:\repos\hug-moms\docs\.vuepress\dist\assets\js\3.7d956e11.js", "JavaScript", 0, 0, 0, 0, 0, 0, 0, 0, 1, 0, 0, 0, 0, 0, 0, 0, 1
"c:\repos\hug-moms\docs\.vuepress\dist\assets\js\4.804926eb.js", "JavaScript", 0, 0, 0, 0, 0, 0, 0, 0, 1, 0, 0, 0, 0, 0, 0, 0, 1
"c:\repos\hug-moms\docs\.vuepress\dist\assets\js\5.db83d47c.js", "JavaScript", 0, 0, 0, 0, 0, 0, 0, 0, 1, 0, 0, 0, 0, 0, 0, 0, 1
"c:\repos\hug-moms\docs\.vuepress\dist\assets\js\6.2c9561ee.js", "JavaScript", 0, 0, 0, 0, 0, 0, 0, 0, 1, 0, 0, 0, 0, 0, 0, 0, 1
"c:\repos\hug-moms\docs\.vuepress\dist\assets\js\7.a650c46b.js", "JavaScript", 0, 0, 0, 0, 0, 0, 0, 0, 1, 0, 0, 0, 0, 0, 0, 0, 1
"c:\repos\hug-moms\docs\.vuepress\dist\assets\js\8.247f22d3.js", "JavaScript", 0, 0, 0, 0, 0, 0, 0, 0, 1, 0, 0, 0, 0, 0, 0, 0, 1
"c:\repos\hug-moms\docs\.vuepress\dist\assets\js\9.f8b15160.js", "JavaScript", 0, 0, 0, 0, 0, 0, 0, 0, 1, 0, 0, 0, 0, 0, 0, 0, 1
"c:\repos\hug-moms\docs\.vuepress\dist\assets\js\app.360a00c9.js", "JavaScript", 0, 0, 0, 0, 0, 0, 0, 0, 3, 0, 0, 0, 0, 0, 5, 0, 8
"c:\repos\hug-moms\docs\.vuepress\dist\config\index.html", "HTML", 0, 23, 0, 0, 0, 0, 0, 0, 0, 0, 0, 0, 0, 0, 0, 2, 25
"c:\repos\hug-moms\docs\.vuepress\dist\guide\active-deliveries.html", "HTML", 0, 34, 0, 0, 0, 0, 0, 0, 0, 0, 0, 0, 0, 0, 0, 2, 36
"c:\repos\hug-moms\docs\.vuepress\dist\guide\add-family.html", "HTML", 0, 31, 0, 0, 0, 0, 0, 0, 0, 0, 0, 0, 0, 0, 0, 2, 33
"c:\repos\hug-moms\docs\.vuepress\dist\guide\add-to-home-screen.html", "HTML", 0, 31, 0, 0, 0, 0, 0, 0, 0, 0, 0, 0, 0, 0, 0, 2, 33
"c:\repos\hug-moms\docs\.vuepress\dist\guide\delivery-followup.html", "HTML", 0, 33, 0, 0, 0, 0, 0, 0, 0, 0, 0, 0, 0, 0, 0, 2, 35
"c:\repos\hug-moms\docs\.vuepress\dist\guide\distribution-map.html", "HTML", 0, 32, 0, 0, 0, 0, 0, 0, 0, 0, 0, 0, 0, 0, 0, 2, 34
"c:\repos\hug-moms\docs\.vuepress\dist\guide\events.html", "HTML", 0, 31, 0, 0, 0, 0, 0, 0, 0, 0, 0, 0, 0, 0, 0, 2, 33
"c:\repos\hug-moms\docs\.vuepress\dist\guide\families.html", "HTML", 0, 35, 0, 0, 0, 0, 0, 0, 0, 0, 0, 0, 0, 0, 0, 2, 37
"c:\repos\hug-moms\docs\.vuepress\dist\guide\family-info.html", "HTML", 0, 42, 0, 0, 0, 0, 0, 0, 0, 0, 0, 0, 0, 0, 0, 2, 44
"c:\repos\hug-moms\docs\.vuepress\dist\guide\import-from-excel.html", "HTML", 0, 31, 0, 0, 0, 0, 0, 0, 0, 0, 0, 0, 0, 0, 0, 2, 33
"c:\repos\hug-moms\docs\.vuepress\dist\guide\index.html", "HTML", 0, 30, 0, 0, 0, 0, 0, 0, 0, 0, 0, 0, 0, 0, 0, 2, 32
"c:\repos\hug-moms\docs\.vuepress\dist\guide\new-delivery-day.html", "HTML", 0, 34, 0, 0, 0, 0, 0, 0, 0, 0, 0, 0, 0, 0, 0, 2, 36
"c:\repos\hug-moms\docs\.vuepress\dist\guide\no-addresses.html", "HTML", 0, 27, 0, 0, 0, 0, 0, 0, 0, 0, 0, 0, 0, 0, 0, 2, 29
"c:\repos\hug-moms\docs\.vuepress\dist\guide\requires-care.html", "HTML", 0, 48, 0, 0, 0, 0, 0, 0, 0, 0, 0, 0, 0, 0, 0, 2, 50
"c:\repos\hug-moms\docs\.vuepress\dist\guide\use-table.html", "HTML", 0, 35, 0, 0, 0, 0, 0, 0, 0, 0, 0, 0, 0, 0, 0, 2, 37
"c:\repos\hug-moms\docs\.vuepress\dist\guide\volunteers.html", "HTML", 0, 33, 0, 0, 0, 0, 0, 0, 0, 0, 0, 0, 0, 0, 0, 2, 35
"c:\repos\hug-moms\docs\.vuepress\dist\index.html", "HTML", 0, 27, 0, 0, 0, 0, 0, 0, 0, 0, 0, 0, 0, 0, 0, 2, 29
"c:\repos\hug-moms\docs\.vuepress\dist\model.html", "HTML", 0, 23, 0, 0, 0, 0, 0, 0, 0, 0, 0, 0, 0, 0, 0, 2, 25
"c:\repos\hug-moms\docs\.vuepress\enhanceApp.js", "JavaScript", 0, 0, 0, 0, 0, 0, 0, 0, 7, 0, 0, 0, 0, 0, 6, 2, 15
"c:\repos\hug-moms\docs\.vuepress\styles\index.styl", "Stylus", 0, 0, 0, 0, 0, 0, 0, 0, 0, 22, 0, 0, 0, 0, 8, 0, 30
"c:\repos\hug-moms\docs\.vuepress\styles\palette.styl", "Stylus", 0, 0, 0, 0, 0, 0, 0, 0, 0, 4, 0, 0, 0, 0, 5, 2, 11
"c:\repos\hug-moms\docs\README.md", "Markdown", 0, 0, 0, 0, 0, 0, 9, 0, 0, 0, 0, 0, 0, 0, 0, 2, 11
"c:\repos\hug-moms\docs\apis.md", "Markdown", 0, 0, 0, 0, 0, 0, 67, 0, 0, 0, 0, 0, 0, 0, 0, 12, 79
"c:\repos\hug-moms\docs\config\README.md", "Markdown", 0, 0, 0, 0, 0, 0, 10, 0, 0, 0, 0, 0, 0, 0, 0, 6, 16
"c:\repos\hug-moms\docs\debug.log", "Log", 0, 0, 0, 0, 0, 0, 0, 0, 0, 0, 0, 0, 2, 0, 0, 1, 3
"c:\repos\hug-moms\docs\guide\README.md", "Markdown", 0, 0, 0, 0, 0, 0, 79, 0, 0, 0, 0, 0, 0, 0, 0, 49, 128
"c:\repos\hug-moms\docs\guide\active-deliveries.md", "Markdown", 0, 0, 0, 0, 0, 0, 60, 0, 0, 0, 0, 0, 0, 0, 0, 21, 81
"c:\repos\hug-moms\docs\guide\add-family.md", "Markdown", 0, 0, 0, 0, 0, 0, 14, 0, 0, 0, 0, 0, 0, 0, 0, 11, 25
"c:\repos\hug-moms\docs\guide\add-to-home-screen.md", "Markdown", 0, 0, 0, 0, 0, 0, 25, 0, 0, 0, 0, 0, 0, 0, 0, 17, 42
"c:\repos\hug-moms\docs\guide\delivery-followup.md", "Markdown", 0, 0, 0, 0, 0, 0, 25, 0, 0, 0, 0, 0, 0, 0, 0, 12, 37
"c:\repos\hug-moms\docs\guide\distribution-map.md", "Markdown", 0, 0, 0, 0, 0, 0, 15, 0, 0, 0, 0, 0, 0, 0, 0, 9, 24
"c:\repos\hug-moms\docs\guide\events.md", "Markdown", 0, 0, 0, 0, 0, 0, 33, 0, 0, 0, 0, 0, 0, 0, 0, 23, 56
"c:\repos\hug-moms\docs\guide\families.md", "Markdown", 0, 0, 0, 0, 0, 0, 49, 0, 0, 0, 0, 0, 0, 0, 0, 28, 77
"c:\repos\hug-moms\docs\guide\family-info.md", "Markdown", 0, 0, 0, 0, 0, 0, 109, 0, 0, 0, 0, 0, 0, 0, 0, 43, 152
"c:\repos\hug-moms\docs\guide\import-from-excel.md", "Markdown", 0, 0, 0, 0, 0, 0, 3, 0, 0, 0, 0, 0, 0, 0, 0, 3, 6
"c:\repos\hug-moms\docs\guide\new-delivery-day.md", "Markdown", 0, 0, 0, 0, 0, 0, 30, 0, 0, 0, 0, 0, 0, 0, 0, 19, 49
"c:\repos\hug-moms\docs\guide\no-addresses.md", "Markdown", 0, 0, 0, 0, 0, 0, 2, 0, 0, 0, 0, 0, 0, 0, 0, 0, 2
"c:\repos\hug-moms\docs\guide\requires-care.md", "Markdown", 0, 0, 0, 0, 0, 0, 43, 0, 0, 0, 0, 0, 0, 0, 0, 22, 65
"c:\repos\hug-moms\docs\guide\use-table.md", "Markdown", 0, 0, 0, 0, 0, 0, 48, 0, 0, 0, 0, 0, 0, 0, 0, 35, 83
"c:\repos\hug-moms\docs\guide\volunteers.md", "Markdown", 0, 0, 0, 0, 0, 0, 42, 0, 0, 0, 0, 0, 0, 0, 0, 32, 74
"c:\repos\hug-moms\docs\model.md", "Markdown", 0, 0, 0, 0, 0, 0, 368, 0, 0, 0, 0, 0, 0, 0, 0, 40, 408
"c:\repos\hug-moms\e2e\src\app.e2e-spec.ts", "TypeScript", 0, 0, 0, 0, 0, 0, 0, 11, 0, 0, 0, 0, 0, 0, 0, 4, 15
"c:\repos\hug-moms\e2e\src\app.po.ts", "TypeScript", 0, 0, 0, 0, 0, 0, 0, 9, 0, 0, 0, 0, 0, 0, 0, 3, 12
"c:\repos\hug-moms\e2e\tsconfig.e2e.json", "JSON", 0, 0, 0, 13, 0, 0, 0, 0, 0, 0, 0, 0, 0, 0, 0, 0, 13
"c:\repos\hug-moms\move-db-from-one-to-other.bat", "Batch", 0, 0, 0, 0, 6, 0, 0, 0, 0, 0, 0, 0, 0, 0, 0, 0, 6
"c:\repos\hug-moms\package-lock.json", "JSON", 0, 0, 0, 21964, 0, 0, 0, 0, 0, 0, 0, 0, 0, 0, 0, 1, 21965
"c:\repos\hug-moms\package.json", "JSON", 0, 0, 0, 124, 0, 0, 0, 0, 0, 0, 0, 0, 0, 0, 0, 1, 125
"c:\repos\hug-moms\proxy.conf.json", "JSON", 0, 0, 0, 87, 0, 0, 0, 0, 0, 0, 0, 0, 0, 0, 0, 1, 88
"c:\repos\hug-moms\publish-all.bat", "Batch", 0, 0, 0, 0, 26, 0, 0, 0, 0, 0, 0, 0, 0, 0, 0, 1, 27
"c:\repos\hug-moms\src\app\address-input\address-input.component.html", "HTML", 0, 5, 0, 0, 0, 0, 0, 0, 0, 0, 0, 0, 0, 0, 0, 1, 6
"c:\repos\hug-moms\src\app\address-input\address-input.component.scss", "SCSS", 0, 0, 0, 0, 0, 0, 0, 0, 0, 0, 0, 0, 0, 0, 0, 1, 1
"c:\repos\hug-moms\src\app\address-input\address-input.component.ts", "TypeScript", 0, 0, 0, 0, 0, 0, 0, 96, 0, 0, 0, 0, 0, 0, 0, 12, 108
"c:\repos\hug-moms\src\app\app-routing.module.ts", "TypeScript", 0, 0, 0, 0, 0, 0, 0, 115, 0, 0, 0, 0, 0, 0, 2, 47, 164
"c:\repos\hug-moms\src\app\app.component.html", "HTML", 0, 66, 0, 0, 0, 0, 0, 0, 0, 0, 0, 0, 0, 0, 0, 16, 82
"c:\repos\hug-moms\src\app\app.component.scss", "SCSS", 58, 0, 0, 0, 0, 0, 0, 0, 0, 0, 0, 0, 0, 0, 2, 3, 63
"c:\repos\hug-moms\src\app\app.component.spec.ts", "TypeScript", 0, 0, 0, 0, 0, 0, 0, 347, 0, 0, 0, 0, 0, 0, 2, 27, 376
"c:\repos\hug-moms\src\app\app.component.ts", "TypeScript", 0, 0, 0, 0, 0, 0, 0, 123, 0, 0, 0, 0, 0, 0, 0, 23, 146
"c:\repos\hug-moms\src\app\app.module.ts", "TypeScript", 0, 0, 0, 0, 0, 0, 0, 264, 0, 0, 0, 0, 0, 0, 0, 61, 325
"c:\repos\hug-moms\src\app\asign-family\asign-family.component.html", "HTML", 0, 141, 0, 0, 0, 0, 0, 0, 0, 0, 0, 0, 0, 0, 3, 31, 175
"c:\repos\hug-moms\src\app\asign-family\asign-family.component.scss", "SCSS", 85, 0, 0, 0, 0, 0, 0, 0, 0, 0, 0, 0, 0, 0, 2, 6, 93
"c:\repos\hug-moms\src\app\asign-family\asign-family.component.ts", "TypeScript", 0, 0, 0, 0, 0, 0, 0, 1034, 0, 0, 0, 0, 0, 0, 0, 170, 1204
"c:\repos\hug-moms\src\app\asign-family\route-strategy.ts", "TypeScript", 0, 0, 0, 0, 0, 0, 0, 231, 0, 0, 0, 0, 0, 0, 1, 33, 265
"c:\repos\hug-moms\src\app\asign-family\send-sms-action.ts", "TypeScript", 0, 0, 0, 0, 0, 0, 0, 175, 0, 0, 0, 0, 0, 0, 0, 37, 212
"c:\repos\hug-moms\src\app\assign-escort\assign-escort.component.html", "HTML", 0, 47, 0, 0, 0, 0, 0, 0, 0, 0, 0, 0, 0, 0, 0, 4, 51
"c:\repos\hug-moms\src\app\assign-escort\assign-escort.component.scss", "SCSS", 0, 0, 0, 0, 0, 0, 0, 0, 0, 0, 0, 0, 0, 0, 0, 1, 1
"c:\repos\hug-moms\src\app\assign-escort\assign-escort.component.ts", "TypeScript", 0, 0, 0, 0, 0, 0, 0, 147, 0, 0, 0, 0, 0, 0, 0, 17, 164
"c:\repos\hug-moms\src\app\auth\auth-service.ts", "TypeScript", 0, 0, 0, 0, 0, 0, 0, 306, 0, 0, 0, 0, 0, 0, 0, 66, 372
"c:\repos\hug-moms\src\app\auth\auth-tests.spec.ts", "TypeScript", 0, 0, 0, 0, 0, 0, 0, 230, 0, 0, 0, 0, 0, 0, 0, 17, 247
"c:\repos\hug-moms\src\app\auth\login-response.ts", "TypeScript", 0, 0, 0, 0, 0, 0, 0, 5, 0, 0, 0, 0, 0, 0, 0, 1, 6
"c:\repos\hug-moms\src\app\auth\roles.ts", "TypeScript", 0, 0, 0, 0, 0, 0, 0, 64, 0, 0, 0, 0, 0, 0, 0, 20, 84
"c:\repos\hug-moms\src\app\basket-summary\basket-summary.component.html", "HTML", 0, 39, 0, 0, 0, 0, 0, 0, 0, 0, 0, 0, 0, 0, 0, 10, 49
"c:\repos\hug-moms\src\app\basket-summary\basket-summary.component.scss", "SCSS", 0, 0, 0, 0, 0, 0, 0, 0, 0, 0, 0, 0, 0, 0, 0, 1, 1
"c:\repos\hug-moms\src\app\basket-summary\basket-summary.component.ts", "TypeScript", 0, 0, 0, 0, 0, 0, 0, 50, 0, 0, 0, 0, 0, 0, 0, 4, 54
"c:\repos\hug-moms\src\app\common-questions\common-questions.component.html", "HTML", 0, 41, 0, 0, 0, 0, 0, 0, 0, 0, 0, 0, 0, 0, 0, 5, 46
"c:\repos\hug-moms\src\app\common-questions\common-questions.component.scss", "SCSS", 15, 0, 0, 0, 0, 0, 0, 0, 0, 0, 0, 0, 0, 0, 0, 1, 16
"c:\repos\hug-moms\src\app\common-questions\common-questions.component.ts", "TypeScript", 0, 0, 0, 0, 0, 0, 0, 35, 0, 0, 0, 0, 0, 0, 0, 8, 43
"c:\repos\hug-moms\src\app\create-new-event\create-new-event.ts", "TypeScript", 0, 0, 0, 0, 0, 0, 0, 170, 0, 0, 0, 0, 0, 0, 0, 35, 205
"c:\repos\hug-moms\src\app\custom-reuse-controller-router-strategy.ts", "TypeScript", 0, 0, 0, 0, 0, 0, 0, 86, 0, 0, 0, 0, 0, 0, 5, 12, 103
"c:\repos\hug-moms\src\app\date-range\date-range.component.html", "HTML", 0, 17, 0, 0, 0, 0, 0, 0, 0, 0, 0, 0, 0, 0, 0, 1, 18
"c:\repos\hug-moms\src\app\date-range\date-range.component.scss", "SCSS", 0, 0, 0, 0, 0, 0, 0, 0, 0, 0, 0, 0, 0, 0, 0, 1, 1
"c:\repos\hug-moms\src\app\date-range\date-range.component.ts", "TypeScript", 0, 0, 0, 0, 0, 0, 0, 68, 0, 0, 0, 0, 0, 0, 0, 11, 79
"c:\repos\hug-moms\src\app\delivery-follow-up\HelpersAndStats.ts", "TypeScript", 0, 0, 0, 0, 0, 0, 0, 72, 0, 0, 0, 0, 0, 0, 0, 15, 87
"c:\repos\hug-moms\src\app\delivery-follow-up\delivery-follow-up.component.html", "HTML", 0, 43, 0, 0, 0, 0, 0, 0, 0, 0, 0, 0, 0, 0, 0, 7, 50
"c:\repos\hug-moms\src\app\delivery-follow-up\delivery-follow-up.component.scss", "SCSS", 0, 0, 0, 0, 0, 0, 0, 0, 0, 0, 0, 0, 0, 0, 0, 1, 1
"c:\repos\hug-moms\src\app\delivery-follow-up\delivery-follow-up.component.ts", "TypeScript", 0, 0, 0, 0, 0, 0, 0, 222, 0, 0, 0, 0, 0, 0, 1, 42, 265
"c:\repos\hug-moms\src\app\delivery-history\delivery-history.component.html", "HTML", 0, 9, 0, 0, 0, 0, 0, 0, 0, 0, 0, 0, 0, 0, 0, 3, 12
"c:\repos\hug-moms\src\app\delivery-history\delivery-history.component.scss", "SCSS", 0, 0, 0, 0, 0, 0, 0, 0, 0, 0, 0, 0, 0, 0, 0, 1, 1
"c:\repos\hug-moms\src\app\delivery-history\delivery-history.component.ts", "TypeScript", 0, 0, 0, 0, 0, 0, 0, 365, 0, 0, 0, 0, 0, 0, 0, 46, 411
"c:\repos\hug-moms\src\app\delivery-reception\delivery-reception.component.html", "HTML", 0, 12, 0, 0, 0, 0, 0, 0, 0, 0, 0, 0, 0, 0, 0, 1, 13
"c:\repos\hug-moms\src\app\delivery-reception\delivery-reception.component.scss", "SCSS", 0, 0, 0, 0, 0, 0, 0, 0, 0, 0, 0, 0, 0, 0, 0, 1, 1
"c:\repos\hug-moms\src\app\delivery-reception\delivery-reception.component.ts", "TypeScript", 0, 0, 0, 0, 0, 0, 0, 154, 0, 0, 0, 0, 0, 0, 0, 25, 179
"c:\repos\hug-moms\src\app\distribution-map\distribution-map.component.html", "HTML", 0, 46, 0, 0, 0, 0, 0, 0, 0, 0, 0, 0, 0, 0, 0, 11, 57
"c:\repos\hug-moms\src\app\distribution-map\distribution-map.component.scss", "SCSS", 3, 0, 0, 0, 0, 0, 0, 0, 0, 0, 0, 0, 0, 0, 0, 0, 3
"c:\repos\hug-moms\src\app\distribution-map\distribution-map.component.ts", "TypeScript", 0, 0, 0, 0, 0, 0, 0, 430, 0, 0, 0, 0, 0, 0, 17, 94, 541
"c:\repos\hug-moms\src\app\duplicate-families\duplicate-families.component.html", "HTML", 0, 23, 0, 0, 0, 0, 0, 0, 0, 0, 0, 0, 0, 0, 0, 2, 25
"c:\repos\hug-moms\src\app\duplicate-families\duplicate-families.component.scss", "SCSS", 0, 0, 0, 0, 0, 0, 0, 0, 0, 0, 0, 0, 0, 0, 0, 1, 1
"c:\repos\hug-moms\src\app\duplicate-families\duplicate-families.component.ts", "TypeScript", 0, 0, 0, 0, 0, 0, 0, 225, 0, 0, 0, 0, 0, 0, 1, 23, 249
"c:\repos\hug-moms\src\app\edit-comment-dialog\edit-comment-dialog.component.html", "HTML", 0, 18, 0, 0, 0, 0, 0, 0, 0, 0, 0, 0, 0, 0, 0, 13, 31
"c:\repos\hug-moms\src\app\edit-comment-dialog\edit-comment-dialog.component.scss", "SCSS", 0, 0, 0, 0, 0, 0, 0, 0, 0, 0, 0, 0, 0, 0, 0, 1, 1
"c:\repos\hug-moms\src\app\edit-comment-dialog\edit-comment-dialog.component.ts", "TypeScript", 0, 0, 0, 0, 0, 0, 0, 22, 0, 0, 0, 0, 0, 0, 0, 4, 26
"c:\repos\hug-moms\src\app\events\events.component.html", "HTML", 0, 6, 0, 0, 0, 0, 0, 0, 0, 0, 0, 0, 0, 0, 0, 0, 6
"c:\repos\hug-moms\src\app\events\events.component.scss", "SCSS", 0, 0, 0, 0, 0, 0, 0, 0, 0, 0, 0, 0, 0, 0, 0, 1, 1
"c:\repos\hug-moms\src\app\events\events.component.ts", "TypeScript", 0, 0, 0, 0, 0, 0, 0, 147, 0, 0, 0, 0, 0, 0, 0, 12, 159
"c:\repos\hug-moms\src\app\events\events.ts", "TypeScript", 0, 0, 0, 0, 0, 0, 0, 297, 0, 0, 0, 0, 0, 0, 0, 22, 319
"c:\repos\hug-moms\src\app\families\BasketType.ts", "TypeScript", 0, 0, 0, 0, 0, 0, 0, 57, 0, 0, 0, 0, 0, 0, 0, 12, 69
"c:\repos\hug-moms\src\app\families\CallStatus.ts", "TypeScript", 0, 0, 0, 0, 0, 0, 0, 13, 0, 0, 0, 0, 0, 0, 0, 5, 18
"c:\repos\hug-moms\src\app\families\DeliveryStatus.ts", "TypeScript", 0, 0, 0, 0, 0, 0, 0, 106, 0, 0, 0, 0, 0, 0, 7, 16, 129
"c:\repos\hug-moms\src\app\families\FamilyDeliveries.ts", "TypeScript", 0, 0, 0, 0, 0, 0, 0, 703, 0, 0, 0, 0, 0, 0, 3, 66, 772
"c:\repos\hug-moms\src\app\families\FamilySources.ts", "TypeScript", 0, 0, 0, 0, 0, 0, 0, 32, 0, 0, 0, 0, 0, 0, 0, 5, 37
"c:\repos\hug-moms\src\app\families\FamilyStatus.ts", "TypeScript", 0, 0, 0, 0, 0, 0, 0, 22, 0, 0, 0, 0, 0, 0, 0, 8, 30
"c:\repos\hug-moms\src\app\families\YesNo.ts", "TypeScript", 0, 0, 0, 0, 0, 0, 0, 11, 0, 0, 0, 0, 0, 0, 0, 5, 16
"c:\repos\hug-moms\src\app\families\columnOrderAndWidthSaver.ts", "TypeScript", 0, 0, 0, 0, 0, 0, 0, 56, 0, 0, 0, 0, 0, 0, 0, 1, 57
"c:\repos\hug-moms\src\app\families\families.component.html", "HTML", 0, 43, 0, 0, 0, 0, 0, 0, 0, 0, 0, 0, 0, 0, 3, 9, 55
"c:\repos\hug-moms\src\app\families\families.component.scss", "SCSS", 22, 0, 0, 0, 0, 0, 0, 0, 0, 0, 0, 0, 0, 0, 0, 2, 24
"c:\repos\hug-moms\src\app\families\families.component.ts", "TypeScript", 0, 0, 0, 0, 0, 0, 0, 657, 0, 0, 0, 0, 0, 0, 0, 114, 771
"c:\repos\hug-moms\src\app\families\families.ts", "TypeScript", 0, 0, 0, 0, 0, 0, 0, 1059, 0, 0, 0, 0, 0, 0, 17, 134, 1210
"c:\repos\hug-moms\src\app\families\familyActions.ts", "TypeScript", 0, 0, 0, 0, 0, 0, 0, 418, 0, 0, 0, 0, 0, 0, 0, 44, 462
"c:\repos\hug-moms\src\app\families\familyActionsWiring.ts", "TypeScript", 0, 0, 0, 0, 0, 0, 0, 155, 0, 0, 0, 0, 0, 0, 0, 44, 199
"c:\repos\hug-moms\src\app\families\stats-action.ts", "TypeScript", 0, 0, 0, 0, 0, 0, 0, 84, 0, 0, 0, 0, 0, 0, 0, 17, 101
"c:\repos\hug-moms\src\app\family-deliveries\family-deliveries-actions.ts", "TypeScript", 0, 0, 0, 0, 0, 0, 0, 415, 0, 0, 0, 0, 0, 0, 1, 54, 470
"c:\repos\hug-moms\src\app\family-deliveries\family-deliveries-stats.ts", "TypeScript", 0, 0, 0, 0, 0, 0, 0, 188, 0, 0, 0, 0, 0, 0, 0, 25, 213
"c:\repos\hug-moms\src\app\family-deliveries\family-deliveries.component.html", "HTML", 0, 45, 0, 0, 0, 0, 0, 0, 0, 0, 0, 0, 0, 0, 0, 14, 59
"c:\repos\hug-moms\src\app\family-deliveries\family-deliveries.component.scss", "SCSS", 0, 0, 0, 0, 0, 0, 0, 0, 0, 0, 0, 0, 0, 0, 0, 1, 1
"c:\repos\hug-moms\src\app\family-deliveries\family-deliveries.component.ts", "TypeScript", 0, 0, 0, 0, 0, 0, 0, 905, 0, 0, 0, 0, 0, 0, 5, 85, 995
"c:\repos\hug-moms\src\app\family-in-list\family-in-list.component.html", "HTML", 0, 24, 0, 0, 0, 0, 0, 0, 0, 0, 0, 0, 0, 0, 0, 3, 27
"c:\repos\hug-moms\src\app\family-in-list\family-in-list.component.scss", "SCSS", 14, 0, 0, 0, 0, 0, 0, 0, 0, 0, 0, 0, 0, 0, 0, 4, 18
"c:\repos\hug-moms\src\app\family-in-list\family-in-list.component.ts", "TypeScript", 0, 0, 0, 0, 0, 0, 0, 68, 0, 0, 0, 0, 0, 0, 0, 16, 84
"c:\repos\hug-moms\src\app\family-info\family-info.component.html", "HTML", 0, 118, 0, 0, 0, 0, 0, 0, 0, 0, 0, 0, 0, 0, 0, 25, 143
"c:\repos\hug-moms\src\app\family-info\family-info.component.scss", "SCSS", 27, 0, 0, 0, 0, 0, 0, 0, 0, 0, 0, 0, 0, 0, 1, 1, 29
"c:\repos\hug-moms\src\app\family-info\family-info.component.ts", "TypeScript", 0, 0, 0, 0, 0, 0, 0, 197, 0, 0, 0, 0, 0, 0, 0, 30, 227
"c:\repos\hug-moms\src\app\grid-dialog\grid-dialog.component.html", "HTML", 0, 18, 0, 0, 0, 0, 0, 0, 0, 0, 0, 0, 0, 0, 0, 3, 21
"c:\repos\hug-moms\src\app\grid-dialog\grid-dialog.component.scss", "SCSS", 0, 0, 0, 0, 0, 0, 0, 0, 0, 0, 0, 0, 0, 0, 0, 1, 1
"c:\repos\hug-moms\src\app\grid-dialog\grid-dialog.component.ts", "TypeScript", 0, 0, 0, 0, 0, 0, 0, 70, 0, 0, 0, 0, 0, 0, 0, 15, 85
"c:\repos\hug-moms\src\app\helper-assignment\helper-assignment.component.html", "HTML", 0, 12, 0, 0, 0, 0, 0, 0, 0, 0, 0, 0, 0, 0, 0, 5, 17
"c:\repos\hug-moms\src\app\helper-assignment\helper-assignment.component.scss", "SCSS", 11, 0, 0, 0, 0, 0, 0, 0, 0, 0, 0, 0, 0, 0, 0, 0, 11
"c:\repos\hug-moms\src\app\helper-assignment\helper-assignment.component.ts", "TypeScript", 0, 0, 0, 0, 0, 0, 0, 33, 0, 0, 0, 0, 0, 0, 0, 5, 38
"c:\repos\hug-moms\src\app\helper-families\helper-families.component.html", "HTML", 0, 265, 0, 0, 0, 0, 0, 0, 0, 0, 0, 0, 0, 0, 0, 39, 304
"c:\repos\hug-moms\src\app\helper-families\helper-families.component.scss", "SCSS", 69, 0, 0, 0, 0, 0, 0, 0, 0, 0, 0, 0, 0, 0, 1, 9, 79
"c:\repos\hug-moms\src\app\helper-families\helper-families.component.ts", "TypeScript", 0, 0, 0, 0, 0, 0, 0, 607, 0, 0, 0, 0, 0, 0, 1, 71, 679
"c:\repos\hug-moms\src\app\helper-families\move-deliveries-helper.ts", "TypeScript", 0, 0, 0, 0, 0, 0, 0, 47, 0, 0, 0, 0, 0, 0, 0, 8, 55
"c:\repos\hug-moms\src\app\helper-gifts\HelperGifts.ts", "TypeScript", 0, 0, 0, 0, 0, 0, 0, 147, 0, 0, 0, 0, 0, 0, 1, 18, 166
"c:\repos\hug-moms\src\app\helper-gifts\helper-gifts.component.html", "HTML", 0, 1, 0, 0, 0, 0, 0, 0, 0, 0, 0, 0, 0, 0, 0, 1, 2
"c:\repos\hug-moms\src\app\helper-gifts\helper-gifts.component.scss", "SCSS", 0, 0, 0, 0, 0, 0, 0, 0, 0, 0, 0, 0, 0, 0, 0, 1, 1
"c:\repos\hug-moms\src\app\helper-gifts\helper-gifts.component.ts", "TypeScript", 0, 0, 0, 0, 0, 0, 0, 39, 0, 0, 0, 0, 0, 0, 0, 3, 42
"c:\repos\hug-moms\src\app\helper-gifts\my-gifts-dialog.component.html", "HTML", 0, 26, 0, 0, 0, 0, 0, 0, 0, 0, 0, 0, 0, 0, 0, 0, 26
"c:\repos\hug-moms\src\app\helper-gifts\my-gifts-dialog.component.scss", "SCSS", 11, 0, 0, 0, 0, 0, 0, 0, 0, 0, 0, 0, 0, 0, 0, 2, 13
"c:\repos\hug-moms\src\app\helper-gifts\my-gifts-dialog.component.ts", "TypeScript", 0, 0, 0, 0, 0, 0, 0, 63, 0, 0, 0, 0, 0, 0, 0, 7, 70
"c:\repos\hug-moms\src\app\helpers\helpers.component.css", "CSS", 0, 0, 0, 0, 0, 0, 0, 0, 0, 0, 0, 0, 0, 0, 0, 1, 1
"c:\repos\hug-moms\src\app\helpers\helpers.component.html", "HTML", 0, 16, 0, 0, 0, 0, 0, 0, 0, 0, 0, 0, 0, 0, 0, 3, 19
"c:\repos\hug-moms\src\app\helpers\helpers.component.ts", "TypeScript", 0, 0, 0, 0, 0, 0, 0, 288, 0, 0, 0, 0, 0, 0, 0, 53, 341
"c:\repos\hug-moms\src\app\helpers\helpers.ts", "TypeScript", 0, 0, 0, 0, 0, 0, 0, 687, 0, 0, 0, 0, 0, 0, 2, 114, 803
"c:\repos\hug-moms\src\app\import-from-excel\import-from-excel.component.html", "HTML", 0, 242, 0, 0, 0, 0, 0, 0, 0, 0, 0, 0, 0, 0, 0, 39, 281
"c:\repos\hug-moms\src\app\import-from-excel\import-from-excel.component.scss", "SCSS", 37, 0, 0, 0, 0, 0, 0, 0, 0, 0, 0, 0, 0, 0, 0, 1, 38
"c:\repos\hug-moms\src\app\import-from-excel\import-from-excel.component.ts", "TypeScript", 0, 0, 0, 0, 0, 0, 0, 1591, 0, 0, 0, 0, 0, 0, 34, 178, 1803
"c:\repos\hug-moms\src\app\import-gifts\import-from-excel.component.html", "HTML", 0, 2, 0, 0, 0, 0, 0, 0, 0, 0, 0, 0, 0, 0, 0, 1, 3
"c:\repos\hug-moms\src\app\import-gifts\import-from-excel.component.ts", "TypeScript", 0, 0, 0, 0, 0, 0, 0, 60, 0, 0, 0, 0, 0, 0, 2, 10, 72
"c:\repos\hug-moms\src\app\import-helpers-from-excel\import-helpers-from-excel.component.html", "HTML", 0, 188, 0, 0, 0, 0, 0, 0, 0, 0, 0, 0, 0, 0, 0, 33, 221
"c:\repos\hug-moms\src\app\import-helpers-from-excel\import-helpers-from-excel.component.scss", "SCSS", 22, 0, 0, 0, 0, 0, 0, 0, 0, 0, 0, 0, 0, 0, 0, 0, 22
"c:\repos\hug-moms\src\app\import-helpers-from-excel\import-helpers-from-excel.component.ts", "TypeScript", 0, 0, 0, 0, 0, 0, 0, 665, 0, 0, 0, 0, 0, 0, 3, 113, 781
"c:\repos\hug-moms\src\app\in-route-follow-up\in-route-follow-up.component.html", "HTML", 0, 20, 0, 0, 0, 0, 0, 0, 0, 0, 0, 0, 0, 0, 0, 2, 22
"c:\repos\hug-moms\src\app\in-route-follow-up\in-route-follow-up.component.scss", "SCSS", 5, 0, 0, 0, 0, 0, 0, 0, 0, 0, 0, 0, 0, 0, 0, 1, 6
"c:\repos\hug-moms\src\app\in-route-follow-up\in-route-follow-up.component.ts", "TypeScript", 0, 0, 0, 0, 0, 0, 0, 187, 0, 0, 0, 0, 0, 0, 0, 19, 206
"c:\repos\hug-moms\src\app\in-route-follow-up\in-route-helpers.ts", "TypeScript", 0, 0, 0, 0, 0, 0, 0, 218, 0, 0, 0, 0, 0, 0, 0, 18, 236
"c:\repos\hug-moms\src\app\languages\donor.json", "JSON", 0, 0, 0, 3343, 0, 0, 0, 0, 0, 0, 0, 0, 0, 0, 0, 0, 3343
"c:\repos\hug-moms\src\app\languages\donor.ts", "TypeScript", 0, 0, 0, 0, 0, 0, 0, 836, 0, 0, 0, 0, 0, 0, 0, 0, 836
"c:\repos\hug-moms\src\app\languages\en.json", "JSON", 0, 0, 0, 3629, 0, 0, 0, 0, 0, 0, 0, 0, 0, 0, 0, 0, 3629
"c:\repos\hug-moms\src\app\languages\en.ts", "TypeScript", 0, 0, 0, 0, 0, 0, 0, 836, 0, 0, 0, 0, 0, 0, 0, 0, 836
"c:\repos\hug-moms\src\app\languages\es.json", "JSON", 0, 0, 0, 4169, 0, 0, 0, 0, 0, 0, 0, 0, 0, 0, 0, 0, 4169
"c:\repos\hug-moms\src\app\languages\es.ts", "TypeScript", 0, 0, 0, 0, 0, 0, 0, 836, 0, 0, 0, 0, 0, 0, 0, 0, 836
"c:\repos\hug-moms\src\app\languages\italy.json", "JSON", 0, 0, 0, 4169, 0, 0, 0, 0, 0, 0, 0, 0, 0, 0, 0, 0, 4169
"c:\repos\hug-moms\src\app\languages\italy.ts", "TypeScript", 0, 0, 0, 0, 0, 0, 0, 836, 0, 0, 0, 0, 0, 0, 0, 0, 836
"c:\repos\hug-moms\src\app\languages\soldier.json", "JSON", 0, 0, 0, 3334, 0, 0, 0, 0, 0, 0, 0, 0, 0, 0, 0, 0, 3334
"c:\repos\hug-moms\src\app\languages\soldier.ts", "TypeScript", 0, 0, 0, 0, 0, 0, 0, 836, 0, 0, 0, 0, 0, 0, 0, 0, 836
"c:\repos\hug-moms\src\app\login-from-sms\login-from-sms.component.html", "HTML", 0, 3, 0, 0, 0, 0, 0, 0, 0, 0, 0, 0, 0, 0, 0, 1, 4
"c:\repos\hug-moms\src\app\login-from-sms\login-from-sms.component.scss", "SCSS", 0, 0, 0, 0, 0, 0, 0, 0, 0, 0, 0, 0, 0, 0, 0, 1, 1
"c:\repos\hug-moms\src\app\login-from-sms\login-from-sms.component.ts", "TypeScript", 0, 0, 0, 0, 0, 0, 0, 32, 0, 0, 0, 0, 0, 0, 0, 10, 42
"c:\repos\hug-moms\src\app\manage\ApplicationImages.ts", "TypeScript", 0, 0, 0, 0, 0, 0, 0, 21, 0, 0, 0, 0, 0, 0, 0, 3, 24
"c:\repos\hug-moms\src\app\manage\ApplicationSettings.ts", "TypeScript", 0, 0, 0, 0, 0, 0, 0, 478, 0, 0, 0, 0, 0, 0, 0, 54, 532
"c:\repos\hug-moms\src\app\manage\distribution-centers.ts", "TypeScript", 0, 0, 0, 0, 0, 0, 0, 141, 0, 0, 0, 0, 0, 0, 0, 24, 165
"c:\repos\hug-moms\src\app\manage\groups.ts", "TypeScript", 0, 0, 0, 0, 0, 0, 0, 12, 0, 0, 0, 0, 0, 0, 0, 3, 15
"c:\repos\hug-moms\src\app\manage\manage.component.html", "HTML", 0, 258, 0, 0, 0, 0, 0, 0, 0, 0, 0, 0, 0, 0, 0, 38, 296
"c:\repos\hug-moms\src\app\manage\manage.component.scss", "SCSS", 15, 0, 0, 0, 0, 0, 0, 0, 0, 0, 0, 0, 0, 0, 0, 1, 16
"c:\repos\hug-moms\src\app\manage\manage.component.ts", "TypeScript", 0, 0, 0, 0, 0, 0, 0, 596, 0, 0, 0, 0, 0, 0, 0, 68, 664
"c:\repos\hug-moms\src\app\map\map.component.html", "HTML", 0, 1, 0, 0, 0, 0, 0, 0, 0, 0, 0, 0, 0, 0, 0, 1, 2
"c:\repos\hug-moms\src\app\map\map.component.scss", "SCSS", 13, 0, 0, 0, 0, 0, 0, 0, 0, 0, 0, 0, 0, 0, 0, 0, 13
"c:\repos\hug-moms\src\app\map\map.component.ts", "TypeScript", 0, 0, 0, 0, 0, 0, 0, 232, 0, 0, 0, 0, 0, 0, 7, 41, 280
"c:\repos\hug-moms\src\app\merge-families\merge-families.component.html", "HTML", 0, 38, 0, 0, 0, 0, 0, 0, 0, 0, 0, 0, 0, 0, 0, 2, 40
"c:\repos\hug-moms\src\app\merge-families\merge-families.component.scss", "SCSS", 20, 0, 0, 0, 0, 0, 0, 0, 0, 0, 0, 0, 0, 0, 0, 2, 22
"c:\repos\hug-moms\src\app\merge-families\merge-families.component.ts", "TypeScript", 0, 0, 0, 0, 0, 0, 0, 164, 0, 0, 0, 0, 0, 0, 0, 21, 185
"c:\repos\hug-moms\src\app\mlt-families\mlt-families.component.html", "HTML", 0, 238, 0, 0, 0, 0, 0, 0, 0, 0, 0, 0, 0, 0, 0, 30, 268
"c:\repos\hug-moms\src\app\mlt-families\mlt-families.component.scss", "SCSS", 11, 0, 0, 0, 0, 0, 0, 0, 0, 0, 0, 0, 0, 0, 0, 2, 13
"c:\repos\hug-moms\src\app\mlt-families\mlt-families.component.ts", "TypeScript", 0, 0, 0, 0, 0, 0, 0, 374, 0, 0, 0, 0, 0, 0, 0, 58, 432
"c:\repos\hug-moms\src\app\model-shared\types.ts", "TypeScript", 0, 0, 0, 0, 0, 0, 0, 599, 0, 0, 0, 0, 0, 0, 16, 75, 690
"c:\repos\hug-moms\src\app\my-families\my-families.component.html", "HTML", 0, 102, 0, 0, 0, 0, 0, 0, 0, 0, 0, 0, 0, 0, 0, 15, 117
"c:\repos\hug-moms\src\app\my-families\my-families.component.scss", "SCSS", 14, 0, 0, 0, 0, 0, 0, 0, 0, 0, 0, 0, 0, 0, 0, 2, 16
"c:\repos\hug-moms\src\app\my-families\my-families.component.ts", "TypeScript", 0, 0, 0, 0, 0, 0, 0, 133, 0, 0, 0, 0, 0, 0, 0, 19, 152
"c:\repos\hug-moms\src\app\my-families\user-families.ts", "TypeScript", 0, 0, 0, 0, 0, 0, 0, 201, 0, 0, 0, 0, 0, 0, 0, 30, 231
"c:\repos\hug-moms\src\app\news\news-filter-service.ts", "TypeScript", 0, 0, 0, 0, 0, 0, 0, 46, 0, 0, 0, 0, 0, 0, 0, 4, 50
"c:\repos\hug-moms\src\app\news\news.component.html", "HTML", 0, 56, 0, 0, 0, 0, 0, 0, 0, 0, 0, 0, 0, 0, 0, 8, 64
"c:\repos\hug-moms\src\app\news\news.component.scss", "SCSS", 9, 0, 0, 0, 0, 0, 0, 0, 0, 0, 0, 0, 0, 0, 0, 2, 11
"c:\repos\hug-moms\src\app\news\news.component.ts", "TypeScript", 0, 0, 0, 0, 0, 0, 0, 106, 0, 0, 0, 0, 0, 0, 0, 25, 131
"c:\repos\hug-moms\src\app\news\test.ts", "TypeScript", 0, 0, 0, 0, 0, 0, 0, 4, 0, 0, 0, 0, 0, 0, 0, 3, 7
"c:\repos\hug-moms\src\app\overview\overview.component.html", "HTML", 0, 30, 0, 0, 0, 0, 0, 0, 0, 0, 0, 0, 0, 0, 0, 2, 32
"c:\repos\hug-moms\src\app\overview\overview.component.scss", "SCSS", 24, 0, 0, 0, 0, 0, 0, 0, 0, 0, 0, 0, 0, 0, 0, 3, 27
"c:\repos\hug-moms\src\app\overview\overview.component.ts", "TypeScript", 0, 0, 0, 0, 0, 0, 0, 266, 0, 0, 0, 0, 0, 0, 0, 33, 299
"c:\repos\hug-moms\src\app\overview\transition-group.ts", "TypeScript", 0, 0, 0, 0, 0, 0, 0, 87, 0, 0, 0, 0, 0, 0, 0, 14, 101
"c:\repos\hug-moms\src\app\playback\playback.component.html", "HTML", 0, 43, 0, 0, 0, 0, 0, 0, 0, 0, 0, 0, 0, 0, 0, 3, 46
"c:\repos\hug-moms\src\app\playback\playback.component.scss", "SCSS", 9, 0, 0, 0, 0, 0, 0, 0, 0, 0, 0, 0, 0, 0, 0, 1, 10
"c:\repos\hug-moms\src\app\playback\playback.component.ts", "TypeScript", 0, 0, 0, 0, 0, 0, 0, 251, 0, 0, 0, 0, 0, 0, 0, 46, 297
"c:\repos\hug-moms\src\app\preview-family\preview-family.component.html", "HTML", 0, 7, 0, 0, 0, 0, 0, 0, 0, 0, 0, 0, 0, 0, 0, 1, 8
"c:\repos\hug-moms\src\app\preview-family\preview-family.component.scss", "SCSS", 0, 0, 0, 0, 0, 0, 0, 0, 0, 0, 0, 0, 0, 0, 0, 1, 1
"c:\repos\hug-moms\src\app\preview-family\preview-family.component.ts", "TypeScript", 0, 0, 0, 0, 0, 0, 0, 25, 0, 0, 0, 0, 0, 0, 0, 9, 34
"c:\repos\hug-moms\src\app\print-volunteers\print-volunteers.component.html", "HTML", 0, 11, 0, 0, 0, 0, 0, 0, 0, 0, 0, 0, 0, 0, 0, 1, 12
"c:\repos\hug-moms\src\app\print-volunteers\print-volunteers.component.scss", "SCSS", 13, 0, 0, 0, 0, 0, 0, 0, 0, 0, 0, 0, 0, 0, 0, 2, 15
"c:\repos\hug-moms\src\app\print-volunteers\print-volunteers.component.ts", "TypeScript", 0, 0, 0, 0, 0, 0, 0, 47, 0, 0, 0, 0, 0, 0, 0, 6, 53
"c:\repos\hug-moms\src\app\register-donor\register-donor.component.html", "HTML", 0, 30, 0, 0, 0, 0, 0, 0, 0, 0, 0, 0, 0, 0, 0, 3, 33
"c:\repos\hug-moms\src\app\register-donor\register-donor.component.scss", "SCSS", 22, 0, 0, 0, 0, 0, 0, 0, 0, 0, 0, 0, 0, 0, 0, 2, 24
"c:\repos\hug-moms\src\app\register-donor\register-donor.component.ts", "TypeScript", 0, 0, 0, 0, 0, 0, 0, 228, 0, 0, 0, 0, 0, 0, 24, 33, 285
"c:\repos\hug-moms\src\app\register-helper\register-helper.component.html", "HTML", 0, 25, 0, 0, 0, 0, 0, 0, 0, 0, 0, 0, 0, 0, 0, 1, 26
"c:\repos\hug-moms\src\app\register-helper\register-helper.component.scss", "SCSS", 17, 0, 0, 0, 0, 0, 0, 0, 0, 0, 0, 0, 0, 0, 0, 2, 19
"c:\repos\hug-moms\src\app\register-helper\register-helper.component.ts", "TypeScript", 0, 0, 0, 0, 0, 0, 0, 57, 0, 0, 0, 0, 0, 0, 0, 12, 69
"c:\repos\hug-moms\src\app\resgister-url\register-url.component.html", "HTML", 0, 1, 0, 0, 0, 0, 0, 0, 0, 0, 0, 0, 0, 0, 0, 1, 2
"c:\repos\hug-moms\src\app\resgister-url\register-url.component.scss", "SCSS", 0, 0, 0, 0, 0, 0, 0, 0, 0, 0, 0, 0, 0, 0, 0, 1, 1
"c:\repos\hug-moms\src\app\resgister-url\regsiter-url.component.ts", "TypeScript", 0, 0, 0, 0, 0, 0, 0, 33, 0, 0, 0, 0, 0, 0, 0, 7, 40
"c:\repos\hug-moms\src\app\resgister-url\regsiter-url.ts", "TypeScript", 0, 0, 0, 0, 0, 0, 0, 57, 0, 0, 0, 0, 0, 0, 0, 12, 69
"c:\repos\hug-moms\src\app\select-company\select-company.component.html", "HTML", 0, 18, 0, 0, 0, 0, 0, 0, 0, 0, 0, 0, 0, 0, 0, 10, 28
"c:\repos\hug-moms\src\app\select-company\select-company.component.scss", "SCSS", 0, 0, 0, 0, 0, 0, 0, 0, 0, 0, 0, 0, 0, 0, 0, 1, 1
"c:\repos\hug-moms\src\app\select-company\select-company.component.ts", "TypeScript", 0, 0, 0, 0, 0, 0, 0, 57, 0, 0, 0, 0, 0, 0, 0, 12, 69
"c:\repos\hug-moms\src\app\select-family\select-family.component.html", "HTML", 0, 49, 0, 0, 0, 0, 0, 0, 0, 0, 0, 0, 0, 0, 0, 11, 60
"c:\repos\hug-moms\src\app\select-family\select-family.component.scss", "SCSS", 32, 0, 0, 0, 0, 0, 0, 0, 0, 0, 0, 0, 0, 0, 0, 1, 33
"c:\repos\hug-moms\src\app\select-family\select-family.component.ts", "TypeScript", 0, 0, 0, 0, 0, 0, 0, 118, 0, 0, 0, 0, 0, 0, 0, 22, 140
"c:\repos\hug-moms\src\app\select-helper\select-helper.component.html", "HTML", 0, 43, 0, 0, 0, 0, 0, 0, 0, 0, 0, 0, 0, 0, 0, 11, 54
"c:\repos\hug-moms\src\app\select-helper\select-helper.component.scss", "SCSS", 0, 0, 0, 0, 0, 0, 0, 0, 0, 0, 0, 0, 0, 0, 0, 1, 1
"c:\repos\hug-moms\src\app\select-helper\select-helper.component.ts", "TypeScript", 0, 0, 0, 0, 0, 0, 0, 261, 0, 0, 0, 0, 0, 0, 2, 36, 299
"c:\repos\hug-moms\src\app\select-list\select-list.component.html", "HTML", 0, 24, 0, 0, 0, 0, 0, 0, 0, 0, 0, 0, 0, 0, 0, 3, 27
"c:\repos\hug-moms\src\app\select-list\select-list.component.scss", "SCSS", 0, 0, 0, 0, 0, 0, 0, 0, 0, 0, 0, 0, 0, 0, 0, 1, 1
"c:\repos\hug-moms\src\app\select-list\select-list.component.ts", "TypeScript", 0, 0, 0, 0, 0, 0, 0, 45, 0, 0, 0, 0, 0, 0, 0, 9, 54
"c:\repos\hug-moms\src\app\select-popup\dialog.ts", "TypeScript", 0, 0, 0, 0, 0, 0, 0, 245, 0, 0, 0, 0, 0, 0, 4, 38, 287
"c:\repos\hug-moms\src\app\select-popup\input-area\input-area.component.html", "HTML", 0, 18, 0, 0, 0, 0, 0, 0, 0, 0, 0, 0, 0, 0, 0, 4, 22
"c:\repos\hug-moms\src\app\select-popup\input-area\input-area.component.scss", "SCSS", 9, 0, 0, 0, 0, 0, 0, 0, 0, 0, 0, 0, 0, 0, 0, 1, 10
"c:\repos\hug-moms\src\app\select-popup\input-area\input-area.component.ts", "TypeScript", 0, 0, 0, 0, 0, 0, 0, 62, 0, 0, 0, 0, 0, 0, 0, 11, 73
"c:\repos\hug-moms\src\app\select-popup\yes-no-question\yes-no-question.component.html", "HTML", 0, 12, 0, 0, 0, 0, 0, 0, 0, 0, 0, 0, 0, 0, 0, 2, 14
"c:\repos\hug-moms\src\app\select-popup\yes-no-question\yes-no-question.component.scss", "SCSS", 0, 0, 0, 0, 0, 0, 0, 0, 0, 0, 0, 0, 0, 0, 0, 1, 1
"c:\repos\hug-moms\src\app\select-popup\yes-no-question\yes-no-question.component.ts", "TypeScript", 0, 0, 0, 0, 0, 0, 0, 56, 0, 0, 0, 0, 0, 0, 0, 4, 60
"c:\repos\hug-moms\src\app\self-pickup\self-pickup.component.html", "HTML", 0, 21, 0, 0, 0, 0, 0, 0, 0, 0, 0, 0, 0, 0, 0, 3, 24
"c:\repos\hug-moms\src\app\self-pickup\self-pickup.component.scss", "SCSS", 0, 0, 0, 0, 0, 0, 0, 0, 0, 0, 0, 0, 0, 0, 0, 1, 1
"c:\repos\hug-moms\src\app\self-pickup\self-pickup.component.ts", "TypeScript", 0, 0, 0, 0, 0, 0, 0, 75, 0, 0, 0, 0, 0, 0, 0, 15, 90
"c:\repos\hug-moms\src\app\server\buildLanguages.ts", "TypeScript", 0, 0, 0, 0, 0, 0, 0, 167, 0, 0, 0, 0, 0, 0, 1, 27, 195
"c:\repos\hug-moms\src\app\server\doSomething.ts", "TypeScript", 0, 0, 0, 0, 0, 0, 0, 133, 0, 0, 0, 0, 0, 0, 11, 39, 183
"c:\repos\hug-moms\src\app\server\initSchema.ts", "TypeScript", 0, 0, 0, 0, 0, 0, 0, 373, 0, 0, 0, 0, 0, 0, 24, 49, 446
"c:\repos\hug-moms\src\app\server\send-email.ts", "TypeScript", 0, 0, 0, 0, 0, 0, 0, 38, 0, 0, 0, 0, 0, 0, 1, 4, 43
"c:\repos\hug-moms\src\app\server\server-event-authorize-action.ts", "TypeScript", 0, 0, 0, 0, 0, 0, 0, 9, 0, 0, 0, 0, 0, 0, 0, 6, 15
"c:\repos\hug-moms\src\app\server\server-events.ts", "TypeScript", 0, 0, 0, 0, 0, 0, 0, 40, 0, 0, 0, 0, 0, 0, 52, 8, 100
"c:\repos\hug-moms\src\app\server\server.ts", "TypeScript", 0, 0, 0, 0, 0, 0, 0, 162, 0, 0, 0, 0, 0, 0, 115, 26, 303
"c:\repos\hug-moms\src\app\server\serverInit.ts", "TypeScript", 0, 0, 0, 0, 0, 0, 0, 225, 0, 0, 0, 0, 0, 0, 1, 51, 277
"c:\repos\hug-moms\src\app\shared\googleApiHelpers.ts", "TypeScript", 0, 0, 0, 0, 0, 0, 0, 353, 0, 0, 0, 0, 0, 0, 8, 69, 430
"c:\repos\hug-moms\src\app\shared\material.module.ts", "TypeScript", 0, 0, 0, 0, 0, 0, 0, 66, 0, 0, 0, 0, 0, 0, 1, 15, 82
"c:\repos\hug-moms\src\app\shared\saveToExcel.ts", "TypeScript", 0, 0, 0, 0, 0, 0, 0, 119, 0, 0, 0, 0, 0, 0, 0, 29, 148
"c:\repos\hug-moms\src\app\shared\test-helper.ts", "TypeScript", 0, 0, 0, 0, 0, 0, 0, 22, 0, 0, 0, 0, 0, 0, 0, 0, 22
"c:\repos\hug-moms\src\app\shared\utils.ts", "TypeScript", 0, 0, 0, 0, 0, 0, 0, 54, 0, 0, 0, 0, 0, 0, 2, 12, 68
"c:\repos\hug-moms\src\app\shipment-assign-screen\shipment-assign-screen.component.html", "HTML", 0, 79, 0, 0, 0, 0, 0, 0, 0, 0, 0, 0, 0, 0, 0, 5, 84
"c:\repos\hug-moms\src\app\shipment-assign-screen\shipment-assign-screen.component.scss", "SCSS", 3, 0, 0, 0, 0, 0, 0, 0, 0, 0, 0, 0, 0, 0, 0, 1, 4
"c:\repos\hug-moms\src\app\shipment-assign-screen\shipment-assign-screen.component.ts", "TypeScript", 0, 0, 0, 0, 0, 0, 0, 333, 0, 0, 0, 0, 0, 0, 4, 42, 379
"c:\repos\hug-moms\src\app\show-on-map\show-on-map.component.html", "HTML", 0, 6, 0, 0, 0, 0, 0, 0, 0, 0, 0, 0, 0, 0, 0, 5, 11
"c:\repos\hug-moms\src\app\show-on-map\show-on-map.component.scss", "SCSS", 0, 0, 0, 0, 0, 0, 0, 0, 0, 0, 0, 0, 0, 0, 0, 1, 1
"c:\repos\hug-moms\src\app\show-on-map\show-on-map.component.ts", "TypeScript", 0, 0, 0, 0, 0, 0, 0, 50, 0, 0, 0, 0, 0, 0, 0, 9, 59
"c:\repos\hug-moms\src\app\site-overview\site-overview.component.html", "HTML", 0, 14, 0, 0, 0, 0, 0, 0, 0, 0, 0, 0, 0, 0, 0, 7, 21
"c:\repos\hug-moms\src\app\site-overview\site-overview.component.scss", "SCSS", 0, 0, 0, 0, 0, 0, 0, 0, 0, 0, 0, 0, 0, 0, 0, 1, 1
"c:\repos\hug-moms\src\app\site-overview\site-overview.component.ts", "TypeScript", 0, 0, 0, 0, 0, 0, 0, 20, 0, 0, 0, 0, 0, 0, 0, 4, 24
"c:\repos\hug-moms\src\app\sites\sites.entity.ts", "TypeScript", 0, 0, 0, 0, 0, 0, 0, 44, 0, 0, 0, 0, 0, 0, 0, 3, 47
"c:\repos\hug-moms\src\app\sites\sites.ts", "TypeScript", 0, 0, 0, 0, 0, 0, 0, 94, 0, 0, 0, 0, 0, 0, 1, 20, 115
"c:\repos\hug-moms\src\app\test-map\test-map.component.html", "HTML", 0, 0, 0, 0, 0, 0, 0, 0, 0, 0, 0, 0, 0, 0, 0, 1, 1
"c:\repos\hug-moms\src\app\test-map\test-map.component.scss", "SCSS", 0, 0, 0, 0, 0, 0, 0, 0, 0, 0, 0, 0, 0, 0, 0, 1, 1
"c:\repos\hug-moms\src\app\test-map\test-map.component.ts", "TypeScript", 0, 0, 0, 0, 0, 0, 0, 13, 0, 0, 0, 0, 0, 0, 0, 16, 29
"c:\repos\hug-moms\src\app\token-replacer\token-replacer.component.html", "HTML", 0, 7, 0, 0, 0, 0, 0, 0, 0, 0, 0, 0, 0, 0, 0, 1, 8
"c:\repos\hug-moms\src\app\token-replacer\token-replacer.component.scss", "SCSS", 0, 0, 0, 0, 0, 0, 0, 0, 0, 0, 0, 0, 0, 0, 0, 1, 1
"c:\repos\hug-moms\src\app\token-replacer\token-replacer.component.ts", "TypeScript", 0, 0, 0, 0, 0, 0, 0, 30, 0, 0, 0, 0, 0, 0, 0, 7, 37
"c:\repos\hug-moms\src\app\translate.ts", "TypeScript", 0, 0, 0, 0, 0, 0, 0, 994, 0, 0, 0, 0, 0, 0, 2, 32, 1028
"c:\repos\hug-moms\src\app\update-comment\update-comment.component.html", "HTML", 0, 45, 0, 0, 0, 0, 0, 0, 0, 0, 0, 0, 0, 0, 0, 17, 62
"c:\repos\hug-moms\src\app\update-comment\update-comment.component.scss", "SCSS", 23, 0, 0, 0, 0, 0, 0, 0, 0, 0, 0, 0, 0, 0, 0, 4, 27
"c:\repos\hug-moms\src\app\update-comment\update-comment.component.ts", "TypeScript", 0, 0, 0, 0, 0, 0, 0, 85, 0, 0, 0, 0, 0, 0, 0, 12, 97
"c:\repos\hug-moms\src\app\update-family-dialog\update-family-dialog.component.html", "HTML", 0, 190, 0, 0, 0, 0, 0, 0, 0, 0, 0, 0, 0, 0, 0, 28, 218
"c:\repos\hug-moms\src\app\update-family-dialog\update-family-dialog.component.scss", "SCSS", 26, 0, 0, 0, 0, 0, 0, 0, 0, 0, 0, 0, 0, 0, 0, 2, 28
"c:\repos\hug-moms\src\app\update-family-dialog\update-family-dialog.component.ts", "TypeScript", 0, 0, 0, 0, 0, 0, 0, 347, 0, 0, 0, 0, 0, 0, 0, 42, 389
"c:\repos\hug-moms\src\app\update-group-dialog\update-group-dialog.component.html", "HTML", 0, 25, 0, 0, 0, 0, 0, 0, 0, 0, 0, 0, 0, 0, 0, 9, 34
"c:\repos\hug-moms\src\app\update-group-dialog\update-group-dialog.component.scss", "SCSS", 0, 0, 0, 0, 0, 0, 0, 0, 0, 0, 0, 0, 0, 0, 0, 1, 1
"c:\repos\hug-moms\src\app\update-group-dialog\update-group-dialog.component.ts", "TypeScript", 0, 0, 0, 0, 0, 0, 0, 50, 0, 0, 0, 0, 0, 0, 0, 15, 65
"c:\repos\hug-moms\src\app\users\login\login.component.html", "HTML", 0, 48, 0, 0, 0, 0, 0, 0, 0, 0, 0, 0, 0, 0, 0, 9, 57
"c:\repos\hug-moms\src\app\users\login\login.component.scss", "SCSS", 7, 0, 0, 0, 0, 0, 0, 0, 0, 0, 0, 0, 0, 0, 0, 0, 7
"c:\repos\hug-moms\src\app\users\login\login.component.ts", "TypeScript", 0, 0, 0, 0, 0, 0, 0, 182, 0, 0, 0, 0, 0, 0, 0, 30, 212
"c:\repos\hug-moms\src\app\users\update-info\update-info.component.html", "HTML", 0, 11, 0, 0, 0, 0, 0, 0, 0, 0, 0, 0, 0, 0, 1, 5, 17
"c:\repos\hug-moms\src\app\users\update-info\update-info.component.scss", "SCSS", 0, 0, 0, 0, 0, 0, 0, 0, 0, 0, 0, 0, 0, 0, 0, 1, 1
"c:\repos\hug-moms\src\app\users\update-info\update-info.component.ts", "TypeScript", 0, 0, 0, 0, 0, 0, 0, 69, 0, 0, 0, 0, 0, 0, 2, 22, 93
"c:\repos\hug-moms\src\app\volunteer-cross-assign\volunteer-cross-assign.component.html", "HTML", 0, 79, 0, 0, 0, 0, 0, 0, 0, 0, 0, 0, 0, 0, 3, 11, 93
"c:\repos\hug-moms\src\app\volunteer-cross-assign\volunteer-cross-assign.component.scss", "SCSS", 3, 0, 0, 0, 0, 0, 0, 0, 0, 0, 0, 0, 0, 0, 0, 1, 4
"c:\repos\hug-moms\src\app\volunteer-cross-assign\volunteer-cross-assign.component.ts", "TypeScript", 0, 0, 0, 0, 0, 0, 0, 139, 0, 0, 0, 0, 0, 0, 0, 28, 167
"c:\repos\hug-moms\src\app\weekly-report-mlt\weekly-report-mlt.component.html", "HTML", 0, 64, 0, 0, 0, 0, 0, 0, 0, 0, 0, 0, 0, 0, 0, 4, 68
"c:\repos\hug-moms\src\app\weekly-report-mlt\weekly-report-mlt.component.scss", "SCSS", 0, 0, 0, 0, 0, 0, 0, 0, 0, 0, 0, 0, 0, 0, 0, 1, 1
"c:\repos\hug-moms\src\app\weekly-report-mlt\weekly-report-mlt.component.ts", "TypeScript", 0, 0, 0, 0, 0, 0, 0, 169, 0, 0, 0, 0, 0, 0, 0, 44, 213
"c:\repos\hug-moms\src\assets\Google_Maps_icon.svg", "XML", 0, 0, 0, 0, 0, 0, 0, 0, 0, 0, 0, 34, 0, 0, 0, 0, 34
"c:\repos\hug-moms\src\environments\environment.prod.ts", "TypeScript", 0, 0, 0, 0, 0, 0, 0, 3, 0, 0, 0, 0, 0, 0, 0, 4, 7
"c:\repos\hug-moms\src\environments\environment.ts", "TypeScript", 0, 0, 0, 0, 0, 0, 0, 3, 0, 0, 0, 0, 0, 0, 11, 5, 19
"c:\repos\hug-moms\src\index.html", "HTML", 0, 53, 0, 0, 0, 0, 0, 0, 0, 0, 0, 0, 0, 0, 6, 12, 71
"c:\repos\hug-moms\src\index_dev.html", "HTML", 0, 52, 0, 0, 0, 0, 0, 0, 0, 0, 0, 0, 0, 0, 5, 14, 71
"c:\repos\hug-moms\src\karma.conf.js", "JavaScript", 0, 0, 0, 0, 0, 0, 0, 0, 28, 0, 0, 0, 0, 0, 2, 1, 31
"c:\repos\hug-moms\src\main.ts", "TypeScript", 0, 0, 0, 0, 0, 0, 0, 10, 0, 0, 0, 0, 0, 0, 0, 3, 13
"c:\repos\hug-moms\src\polyfills.ts", "TypeScript", 0, 0, 0, 0, 0, 0, 0, 1, 0, 0, 0, 0, 0, 0, 55, 8, 64
"c:\repos\hug-moms\src\styles.scss", "SCSS", 337, 0, 0, 0, 0, 0, 0, 0, 0, 0, 0, 0, 0, 0, 34, 39, 410
"c:\repos\hug-moms\src\test.ts", "TypeScript", 0, 0, 0, 0, 0, 0, 0, 13, 0, 0, 0, 0, 0, 0, 4, 4, 21
"c:\repos\hug-moms\src\test1.server-test.ts", "TypeScript", 0, 0, 0, 0, 0, 0, 0, 321, 0, 0, 0, 0, 0, 0, 0, 47, 368
"c:\repos\hug-moms\src\tsconfig.app.json", "JSON", 0, 0, 0, 8, 0, 0, 0, 0, 0, 0, 0, 0, 0, 0, 4, 1, 13
"c:\repos\hug-moms\src\tsconfig.server-spec.json", "JSON", 0, 0, 0, 18, 0, 0, 0, 0, 0, 0, 0, 0, 0, 0, 0, 1, 19
"c:\repos\hug-moms\src\tsconfig.spec.json", "JSON", 0, 0, 0, 18, 0, 0, 0, 0, 0, 0, 0, 0, 0, 0, 0, 1, 19
"c:\repos\hug-moms\src\tslint.json", "JSON", 0, 0, 0, 17, 0, 0, 0, 0, 0, 0, 0, 0, 0, 0, 0, 1, 18
"c:\repos\hug-moms\status.bat", "Batch", 0, 0, 0, 0, 23, 0, 0, 0, 0, 0, 0, 0, 0, 0, 0, 1, 24
"c:\repos\hug-moms\todo.md", "Markdown", 0, 0, 0, 0, 0, 0, 20, 0, 0, 0, 0, 0, 0, 0, 0, 1, 21
"c:\repos\hug-moms\tsconfig-direct-ref.json", "JSON", 0, 0, 0, 22, 0, 0, 0, 0, 0, 0, 0, 0, 0, 0, 9, 1, 32
"c:\repos\hug-moms\tsconfig.json", "JSON", 0, 0, 0, 23, 0, 0, 0, 0, 0, 0, 0, 0, 0, 0, 12, 0, 35
"c:\repos\hug-moms\tsconfig.server-direct-ref.json", "JSON", 0, 0, 0, 26, 0, 0, 0, 0, 0, 0, 0, 0, 0, 0, 8, 0, 34
"c:\repos\hug-moms\tsconfig.server.json", "JSON", 0, 0, 0, 13, 0, 0, 0, 0, 0, 0, 0, 0, 0, 0, 0, 0, 13
"c:\repos\hug-moms\tslint.json", "JSON", 0, 0, 0, 131, 0, 0, 0, 0, 0, 0, 0, 0, 0, 0, 0, 1, 132
"c:\repos\hug-moms\upgrade-db.bat", "Batch", 0, 0, 0, 0, 21, 0, 0, 0, 0, 0, 0, 0, 0, 0, 0, 5, 26
"c:\repos\hug-moms\usefulscripts.sql", "PostgreSQL", 0, 0, 0, 0, 0, 14, 0, 0, 0, 0, 0, 0, 0, 0, 1, 3, 18
"Total", "-", 986, 3858, 1, 41382, 87, 14, 1087, 29368, 118, 26, 31, 35, 56, 6, 638, 4870, 82563